<application>
  <component name="MaterialCustomThemeConfig">
    <option name="excludedColor" value="000000ff" />
    <option name="accentColor" value="0059ffff" />
    <option name="notificationsColor" value="000000ff" />
    <option name="treeSelectionColor" value="000000ff" />
    <option name="highlightColor" value="0f0f0fff" />
    <option name="secondBorderColor" value="232323ff" />
    <option name="tableSelectedColor" value="0f0f0fff" />
    <option name="contrastColor" value="000000ff" />
    <option name="disabledColor" value="191919ff" />
    <option name="secondaryBackgroundColor" value="000000ff" />
    <option name="buttonColor" value="000000ff" />
    <option name="selectionForegroundColor" value="ffffffff" />
    <option name="selectionBackgroundColor" value="000000ff" />
    <option name="textColor" value="4b4b4bff" />
    <option name="foregroundColor" value="c3c3c3ff" />
    <option name="backgroundColor" value="000000ff" />
  </component>
</application>