<application>
  <component name="MaterialThemeConfig">
    <option name="compactMenus" value="true" />
    <option name="compactStatusBar" value="true" />
    <option name="compactTables" value="true" />
    <option name="compactDropdowns" value="true" />
    <option name="compactSidebar" value="true" />
    <option name="isCompactMenus" value="true" />
    <option name="isCompactStatusBar" value="true" />
    <option name="isCompactTables" value="true" />
    <option name="pristineConfig" value="false" />
    <option name="statusBarTheme" value="false" />
    <option name="useColoredDirectories" value="false" />
    <option name="tabFontSize" value="14" />
    <option name="tabsHeight" value="25" />
    <option name="accentColor" value="0059ff" />
    <option name="selectedTheme" value="CUSTOM" />
    <option name="userId" value="49cebb39:17609474977:-8000" />
    <option name="version" value="5.2.0" />
    <option name="codeAdditionsEnabled" value="false" />
  </component>
</application>