<application>
  <component name="MaterialThemeConfig">
    <option name="accentScrollbars" value="false" />
    <option name="codeAdditionsEnabled" value="false" />
    <option name="compactDropdowns" value="true" />
    <option name="compactSidebar" value="true" />
    <option name="isCompactMenus" value="true" />
    <option name="isCompactStatusBar" value="true" />
    <option name="isCompactTables" value="true" />
    <option name="isContrastMode" value="true" />
    <option name="isCustomTreeIndentEnabled" value="true" />
    <option name="isHighContrast" value="true" />
    <option name="isTabsShadow" value="false" />
    <option name="isWizardShown" value="true" />
    <option name="pristineConfig" value="false" />
    <option name="statusBarTheme" value="false" />
    <option name="customSidebarHeight" value="20" />
    <option name="leftTreeIndent" value="4" />
    <option name="rightTreeIndent" value="4" />
    <option name="tabsHeight" value="20" />
    <option name="accentColor" value="84ffff" />
    <option name="selectedTheme" value="DEEPOCEAN" />
    <option name="userId" value="-294b50e1:16eef7986cf:-8000" />
    <option name="version" value="4.11.0" />
  </component>
</application>