<profile version="1.0">
  <option name="myName" value="Default" />
  <inspection_tool class="PyBroadExceptionInspection" enabled="false" level="WEAK WARNING" enabled_by_default="false" />
  <inspection_tool class="PyPackageRequirementsInspection" enabled="true" level="WARNING" enabled_by_default="true">
    <option name="ignoredPackages">
      <value>
        <list size="70">
          <item index="0" class="java.lang.String" itemvalue="cffi" />
          <item index="1" class="java.lang.String" itemvalue="grpcio" />
          <item index="2" class="java.lang.String" itemvalue="protobuf" />
          <item index="3" class="java.lang.String" itemvalue="webservices" />
          <item index="4" class="java.lang.String" itemvalue="greenlet" />
          <item index="5" class="java.lang.String" itemvalue="googleapis-common-protos" />
          <item index="6" class="java.lang.String" itemvalue="PyYAML" />
          <item index="7" class="java.lang.String" itemvalue="defusedxml" />
          <item index="8" class="java.lang.String" itemvalue="django-extensions" />
          <item index="9" class="java.lang.String" itemvalue="pyasn1-modules" />
          <item index="10" class="java.lang.String" itemvalue="django-jalali" />
          <item index="11" class="java.lang.String" itemvalue="django-model-utils" />
          <item index="12" class="java.lang.String" itemvalue="gevent" />
          <item index="13" class="java.lang.String" itemvalue="xlrd" />
          <item index="14" class="java.lang.String" itemvalue="google-api-core" />
          <item index="15" class="java.lang.String" itemvalue="tablib" />
          <item index="16" class="java.lang.String" itemvalue="django-import-export" />
          <item index="17" class="java.lang.String" itemvalue="cryptography" />
          <item index="18" class="java.lang.String" itemvalue="uWSGI" />
          <item index="19" class="java.lang.String" itemvalue="odfpy" />
          <item index="20" class="java.lang.String" itemvalue="pika" />
          <item index="21" class="java.lang.String" itemvalue="google-cloud-core" />
          <item index="22" class="java.lang.String" itemvalue="rsa" />
          <item index="23" class="java.lang.String" itemvalue="diff-match-patch" />
          <item index="24" class="java.lang.String" itemvalue="django-url-shortening" />
          <item index="25" class="java.lang.String" itemvalue="firebase-admin" />
          <item index="26" class="java.lang.String" itemvalue="httplib2" />
          <item index="27" class="java.lang.String" itemvalue="google-cloud-storage" />
          <item index="28" class="java.lang.String" itemvalue="pyasn1" />
          <item index="29" class="java.lang.String" itemvalue="jdcal" />
          <item index="30" class="java.lang.String" itemvalue="google-resumable-media" />
          <item index="31" class="java.lang.String" itemvalue="google-auth-httplib2" />
          <item index="32" class="java.lang.String" itemvalue="jdatetime" />
          <item index="33" class="java.lang.String" itemvalue="djangorestframework" />
          <item index="34" class="java.lang.String" itemvalue="itsdangerous" />
          <item index="35" class="java.lang.String" itemvalue="django-cors-headers" />
          <item index="36" class="java.lang.String" itemvalue="uritemplate" />
          <item index="37" class="java.lang.String" itemvalue="six" />
          <item index="38" class="java.lang.String" itemvalue="xlwt" />
          <item index="39" class="java.lang.String" itemvalue="django-notifs" />
          <item index="40" class="java.lang.String" itemvalue="et-xmlfile" />
          <item index="41" class="java.lang.String" itemvalue="pdfkit" />
          <item index="42" class="java.lang.String" itemvalue="python-telegram-bot" />
          <item index="43" class="java.lang.String" itemvalue="Unidecode" />
          <item index="44" class="java.lang.String" itemvalue="Django" />
          <item index="45" class="java.lang.String" itemvalue="future" />
          <item index="46" class="java.lang.String" itemvalue="google-api-python-client" />
          <item index="47" class="java.lang.String" itemvalue="google-cloud-firestore" />
          <item index="48" class="java.lang.String" itemvalue="kavenegar" />
          <item index="49" class="java.lang.String" itemvalue="unicodecsv" />
          <item index="50" class="java.lang.String" itemvalue="google-auth" />
          <item index="51" class="java.lang.String" itemvalue="openpyxl" />
          <item index="52" class="java.lang.String" itemvalue="Pillow" />
          <item index="53" class="java.lang.String" itemvalue="mysqlclient" />
          <item index="54" class="java.lang.String" itemvalue="tornado" />
          <item index="55" class="java.lang.String" itemvalue="amqp" />
          <item index="56" class="java.lang.String" itemvalue="asgiref" />
          <item index="57" class="java.lang.String" itemvalue="kombu" />
          <item index="58" class="java.lang.String" itemvalue="MarkupPy" />
          <item index="59" class="java.lang.String" itemvalue="requests" />
          <item index="60" class="java.lang.String" itemvalue="sqlparse" />
          <item index="61" class="java.lang.String" itemvalue="celery" />
          <item index="62" class="java.lang.String" itemvalue="certifi" />
          <item index="63" class="java.lang.String" itemvalue="cachetools" />
          <item index="64" class="java.lang.String" itemvalue="CacheControl" />
          <item index="65" class="java.lang.String" itemvalue="pytz" />
          <item index="66" class="java.lang.String" itemvalue="urllib3" />
          <item index="67" class="java.lang.String" itemvalue="vine" />
          <item index="68" class="java.lang.String" itemvalue="billiard" />
          <item index="69" class="java.lang.String" itemvalue="msgpack" />
        </list>
      </value>
    </option>
  </inspection_tool>
  <inspection_tool class="PyUnresolvedReferencesInspection" enabled="true" level="WARNING" enabled_by_default="true">
    <option name="ignoredIdentifiers">
      <list>
        <option value="django.db.models.fields.related.ForeignKey.username" />
      </list>
    </option>
  </inspection_tool>
</profile>