<keymap version="1" name="GNOME copy" parent="Default for GNOME">
  <action id="ActivateFavoritesToolWindow" />
  <action id="ActivatePythonConsoleToolWindow">
    <keyboard-shortcut first-keystroke="alt 2" />
  </action>
  <action id="ActivateTerminalToolWindow">
    <keyboard-shortcut first-keystroke="alt 3" />
  </action>
  <action id="CloseAllEditors">
    <keyboard-shortcut first-keystroke="ctrl f2" />
  </action>
  <action id="CloseAllEditorsButActive">
    <keyboard-shortcut first-keystroke="ctrl f3" />
  </action>
  <action id="CloseAllUnmodifiedEditors">
    <keyboard-shortcut first-keystroke="shift ctrl f3" />
  </action>
  <action id="FindWordAtCaret" />
  <action id="JumpToLastWindow" />
  <action id="OpenFile">
    <keyboard-shortcut first-keystroke="shift ctrl o" />
  </action>
  <action id="Run">
    <keyboard-shortcut first-keystroke="f10" />
  </action>
  <action id="ShowSettings">
    <keyboard-shortcut first-keystroke="alt context_menu" />
  </action>
  <action id="Stop">
    <keyboard-shortcut first-keystroke="shift f10" />
  </action>
  <action id="ToggleBookmark" />
  <action id="ToggleFullScreen">
    <keyboard-shortcut first-keystroke="f11" />
  </action>
  <action id="ViewMainMenu">
    <keyboard-shortcut first-keystroke="shift alt f12" />
  </action>
  <action id="ViewNavigationBar">
    <keyboard-shortcut first-keystroke="f12" />
  </action>
  <action id="ViewStatusBar">
    <keyboard-shortcut first-keystroke="alt f12" />
  </action>
</keymap>